Abilene,USA
Akron,USA
Alabama ,USA
Alaska ,USA
Albuquerque,USA
Alexandria,USA
Allentown,USA
Amarillo,USA
Anaheim,USA
Anchorage,USA
Ann Arbor,USA
Antioch,USA
Arizona ,USA
Arkansas ,USA
Arlington,USA
Arvada,USA
Athens,USA
Atlanta,USA
Atlantic City,USA
Augusta,USA
Aurora,USA
Austin,USA
Bakersfield,USA
Baltimore,USA
Baton Rouge,USA
Beaumont,USA
Bellevue,USA
Berkeley,USA
Billings,USA
Birmingham,USA
Bismarck,USA
Boise,USA
Boston,USA
Bridgeport,USA
Brownsville,USA
Buffalo,USA
Burbank,USA
Burlington,USA
California ,USA
Cambridge,USA
Cape Coral,USA
Carrollton,USA
Cary,USA
Cedar Rapids,USA
Chandler,USA
Charleston,USA
Charlotte,USA
Chattanooga,USA
Chesapeake,USA
Cheyenne,USA
Chicago,USA
Chula Vista,USA
Cincinnati,USA
Clarksville,USA
Clearwater,USA
Cleveland,USA
Colorado ,USA
Colorado Springs,USA
Columbia,USA
Columbus,USA
Concord,USA
Connecticut ,USA
Coral Springs,USA
Corona,USA
Corpus Christi,USA
Costa Mesa,USA
Dallas,USA
Daly City,USA
Davenport,USA
Dayton,USA
Delaware ,USA
Denton,USA
Denver,USA
Des Moines,USA
Detroit,USA
Dover,USA
Downey,USA
Durham,USA
El Monte,USA
El Paso,USA
Elgin,USA
Elizabeth,USA
Elk Grove,USA
Erie,USA
Escondido,USA
Eugene,USA
Evansville,USA
Fairfield,USA
Fargo,USA
Fayetteville,USA
Flint,USA
Florida ,USA
Fontana,USA
Fort Collins,USA
Fort Lauderdale,USA
Fort Wayne,USA
Fort Worth,USA
Fremont,USA
Fresno,USA
Fullerton,USA
Gainesville,USA
Garden Grove,USA
Garland,USA
Georgia ,USA
Gilbert,USA
Glendale,USA
Grand Prairie,USA
Grand Rapids,USA
Green Bay,USA
Greensboro,USA
Gresham,USA
Hampton,USA
Hartford,USA
Hawaii ,USA
Hayward,USA
Helena,USA
Henderson,USA
Hialeah,USA
High Point,USA
Hollywood,USA
Honolulu,USA
Houston,USA
Huntington Beach,USA
Huntsville,USA
Idaho ,USA
Illinois ,USA
Independence,USA
Indiana ,USA
Indianapolis,USA
Inglewood,USA
Iowa ,USA
Irvine,USA
Irving,USA
Jackson,USA
Jacksonville,USA
Jersey City,USA
Joliet,USA
Kansas ,USA
Kansas City,USA
Kentucky ,USA
Killeen,USA
Knoxville,USA
Lafayette,USA
Lakewood,USA
Lancaster,USA
Lansing,USA
Laredo,USA
Las Vegas,USA
Lewisville,USA
Lexington,USA
Lincoln,USA
Little Rock,USA
Long Beach,USA
Los Angeles,USA
Louisiana ,USA
Louisville,USA
Lowell,USA
Lubbock,USA
Madison,USA
Maine ,USA
Manchester,USA
Maryland ,USA
Massachusetts ,USA
Mcallen,USA
Mckinney,USA
Memphis,USA
Mesa,USA
Mesquite,USA
Miami,USA
Miami Gardens,USA
Michigan ,USA
Midland,USA
Milwaukee,USA
Minneapolis,USA
Minnesota ,USA
Miramar,USA
Mississippi ,USA
Missouri ,USA
Mobile,USA
Modesto,USA
Montana ,USA
Montgomery,USA
Montpelier,USA
Moreno Valley,USA
Murfreesboro,USA
Naperville,USA
Nashville,USA
Nebraska ,USA
Nevada ,USA
New Hampshire ,USA
New Haven,USA
New Jersey ,USA
New Mexico ,USA
New Orleans,USA
New York,USA
New York ,USA
Newark,USA
Newport News,USA
Norfolk,USA
Norman,USA
North Carolina ,USA
North Dakota ,USA
North Las Vegas,USA
Norwalk,USA
Oakland,USA
Oceanside,USA
Ohio ,USA
Oklahoma ,USA
Oklahoma City,USA
Olathe,USA
Omaha,USA
Ontario,USA
Orange,USA
Oregon ,USA
Orlando,USA
Overland Park,USA
Oxnard,USA
Palm Bay,USA
Palmdale,USA
Pasadena,USA
Paterson,USA
Pembroke Pines,USA
Pennsylvania ,USA
Peoria,USA
Philadelphia,USA
Phoenix,USA
Pierre,USA
Pittsburgh,USA
Plano,USA
Pomona,USA
Pompano Beach,USA
Port St Lucie,USA
Portland,USA
Portsmouth,USA
Providence,USA
Provo,USA
Pueblo,USA
Puerto Rico ,USA
Raleigh,USA
Rancho Cucamonga,USA
Reno,USA
Rhode Island ,USA
Richardson,USA
Richmond,USA
Riverside,USA
Rochester,USA
Rockford,USA
Roseville,USA
Round Rock,USA
Sacramento,USA
Salem,USA
Salinas,USA
Salt Lake City,USA
San Antonio,USA
San Bernardino,USA
San Buenaventura Ventura,USA
San Diego,USA
San Francisco,USA
San Jose,USA
San Juan,USA
Santa Ana,USA
Santa Clara,USA
Santa Clarita,USA
Santa Rosa,USA
Savannah,USA
Scottsdale,USA
Seattle,USA
Shreveport,USA
Simi Valley,USA
Sioux Falls,USA
South Bend,USA
South Carolina ,USA
South Dakota ,USA
Spokane,USA
Springfield,USA
St Louis,USA
St Paul,USA
St Petersburg,USA
Stamford,USA
Sterling Heights,USA
Stockton,USA
Sunnyvale,USA
Syracuse,USA
Tacoma,USA
Tallahassee,USA
Tampa,USA
Tempe,USA
Tennessee ,USA
Texas ,USA
Thornton,USA
Thousand Oaks,USA
Toledo,USA
Topeka,USA
Torrance,USA
Tucson,USA
Tulsa,USA
Utah ,USA
Vallejo,USA
Vancouver,USA
Vermont ,USA
Victorville,USA
Virginia ,USA
Virginia Beach,USA
Visalia,USA
Waco,USA
Warren,USA
Washington,USA
Washington ,USA
Washington DC ,USA
Waterbury,USA
West Covina,USA
West Jordan,USA
West Valley City,USA
West Virginia ,USA
Westminster,USA
Wichita,USA
Wichita Falls,USA
Wilmington,USA
Winston Salem,USA
Wisconsin ,USA
Worcester,USA
Wyoming ,USA
Yonkers,USA